{
    "type": "origins:action_on_hit",
    "bientity_action": {
        "type": "origins:target_action",
        "action": {
            "type": "origins:apply_effect",
            "effect": {
                "id": "minecraft:wither",
                "duration": 200,
                "amplifier": 0
            }
        }
    },
    "cooldown": 40,
    "hud_render": {
        "should_render": false
    },
    "name": "Withering Fists",
    "description": "Your attacks inflict the withering debuff."
}
