{
    "type": "origins:stacking_status_effect",
    "min_stacks": -20,
    "max_stacks": 30,
    "duration_per_stack": 10,
    "effects": [
        {
            "id": "minecraft:regeneration",
            "is_ambient": true,
            "show_particles": false,
            "show_icon": false
        },
        {
            "id": "minecraft:speed",
            "is_ambient": true,
            "show_particles": false,
            "show_icon": false
        }
    ],
    "condition": {
        "type": "origins:in_rain"
    },
	"name": "Rain Nurturing",
    "description": "The rain nurtures you, giving you speed and regeneration."
}
