{
	"type": "origins:active_self",
	"entity_action": {
		"type": "origins:raycast",
		"distance": 150,
		"block": true,
		"entity": true,
		"shape_type": "visual",
		"fluid_handling": "any",
		"bientity_action": {
			"type": "origins:target_action",
			"action": {
				"type": "origins:execute_command",
				"command": "damage @s 8 minecraft:drown"
			}
		},
		"before_action": {
			"type": "origins:execute_command",
			"command": "tag @s add rain_tper"
		},
		"hit_action": {
			"type": "origins:execute_command",
			"command": "tag @s remove rain_tper"
		},
		"miss_action": {
			"type": "origins:execute_command",
			"command": "particle minecraft:rain ~ ~1 ~ 0.1 0.4 0.1 10 60 force"
		},
		"command_at_hit": "tp @a[tag=rain_tper] ~ ~ ~",
		"command_along_ray": "particle minecraft:rain ~ ~ ~ 0.1 0.1 0.1 10 10 force",
		"command_step": 1,
		"command_along_ray_only_on_hit": true
	},
	"cooldown": 100,
	"hud_render": {
		"should_render": true,
		"bar_index": 6
	},
	"key": {
		"key": "key.origins.primary_active",
		"continuous": true
	},
	"condition": {
        "type": "origins:in_rain"
    },
    "name": "Rain Teleport",
    "description": "Press the primary key to teleport where you are looking. (Max range of 150 blocks.)"
}
